{
  "homepage": [
    {
      "image": {
        "src": "https://via.assets.so/game.png?id=1&q=95&w=360&h=360&fit=fill",
        "alt": "Image 1",
        "size": {
          "default": "cover"
        },
        "ratio": {
          "default": "1x1"
        },
        "position": {
          "default": "center"
        }
      },
      "title": "Lorem ipsum dolor sit amet consectetur",
      "body": "Molestiae sequi repellat delectus at placeat, ducimus laborum labore voluptatum blanditiis optio?",
      "link": {
        "variant": "light",
        "title": "Read More",
        "target": "_self",
        "to": "/",
        "typography": {
          "size": "body-med",
          "textTransform": "uppercase"
        }
      }
    },
    {
      "image": {
        "src": "https://via.assets.so/album.png?id=1&q=95&w=360&h=360&fit=fill",
        "alt": "Image 2",
        "size": {
          "default": "cover"
        },
        "ratio": {
          "default": "1x1"
        },
        "position": {
          "default": "center"
        }
      },
      "title": "Lorem ipsum dolor sit amet consectetur",
      "body": "Molestiae sequi repellat delectus at placeat, ducimus laborum labore voluptatum blanditiis optio?",
      "link": {
        "variant": "light",
        "title": "Read More",
        "target": "_self",
        "to": "/",
        "typography": {
          "size": "body-med",
          "textTransform": "uppercase"
        }
      }
    },
    {
      "image": {
        "src": "https://via.assets.so/movie.png?id=1&q=95&w=360&h=360&fit=fill",
        "alt": "Image 3",
        "size": {
          "default": "cover"
        },
        "ratio": {
          "default": "1x1"
        },
        "position": {
          "default": "center"
        }
      },
      "title": "Lorem ipsum dolor sit amet consectetur",
      "body": "Molestiae sequi repellat delectus at placeat, ducimus laborum labore voluptatum blanditiis optio?",
      "link": {
        "variant": "light",
        "title": "Read More",
        "target": "_self",
        "to": "/",
        "typography": {
          "size": "body-med",
          "textTransform": "uppercase"
        }
      }
    }
  ],
  "logo": {
    "to": "/",
    "src": "/assets/images/logo.svg",
    "alt": "React Vite TS Storybook"
  },
  "notFound": {
    "title": "404 Page not found",
    "subtitle": "Please click the link below to return home",
    "homeLink": {
      "variant": "primary",
      "label": "Home",
      "target": "_self",
      "to": "/"
    },
    "errorButton": {
      "variant": "primary",
      "label": "Reload Page"
    }
  }
}
